"","id","time","stress","leaving","relation"
"1",101,1,3,5.5901189387,3.0344827586
"2",101,2,3,5.5352241537,4.6206896552
"3",101,3,3,3.8883806038,2.8505747126
"4",101,4,4,5.3522415371,6.398467433
"5",101,5,1,4.483074108,2.5440613027
"6",101,6,2,3.3394327539,5.1647509579
"7",101,7,3,4.1354071363,2.7049808429
"8",102,1,5,4.3458371455,4.5670498084
"9",102,2,3,7.6212259835,3.724137931
"10",102,3,4,8.3806038426,3.4099616858
"11",102,4,4,5.9835315645,4.2068965517
"12",102,5,4,7.2186642269,5.4252873563
"13",102,6,4,5.0594693504,3.3103448276
"14",102,7,3,4.1994510522,4.7432950192
"15",103,1,3,3.9249771272,3.0804597701
"16",103,2,3,4.1262580055,3.9616858238
"17",103,3,1,4.7118023788,3.9463601533
"18",103,4,4,5.0777676121,3.1187739464
"19",103,5,2,6.505032022,4.367816092
"20",103,6,2,3.714547118,3.4406130268
"21",103,7,4,4.5837145471,5.754789272
"22",104,1,3,5.0228728271,4.7049808429
"23",104,2,1,4.3824336688,3.8544061303
"24",104,3,3,3.934126258,5.9310344828
"25",104,4,1,2.2781335773,3.7394636015
"26",104,5,2,0.9881061299,2.7739463602
"27",104,6,3,5.6541628545,5.4636015326
"28",104,7,2,3.9524245197,4.3908045977
"29",105,1,4,4.6569075938,5.2490421456
"30",105,2,3,5.8005489478,5.5785440613
"31",105,3,3,8.7282708143,5.9616858238
"32",105,4,3,3.8609332113,6.3754789272
"33",105,5,2,5.8279963403,6.3295019157
"34",105,6,1,4.3458371455,4.5440613027
"35",105,7,1,5.0777676121,5.0038314176
"36",106,1,2,4.8490393413,4.0383141762
"37",106,2,3,6.1390667887,4.5057471264
"38",106,3,4,4.9222323879,3.7164750958
"39",106,4,4,5.5443732845,4.5747126437
"40",106,5,2,5.791399817,5.2107279693
"41",106,6,3,4.9130832571,2.9272030651
"42",106,7,3,6.9624885636,4.2298850575
"43",107,1,2,3.7968892955,4.3754789272
"44",107,2,3,6.4043915828,4.4367816092
"45",107,3,5,6.2488563586,5.632183908
"46",107,4,2,5.2790484904,5.2796934866
"47",107,5,3,3.0649588289,4.3218390805
"48",107,6,3,4.3915827996,6.122605364
"49",107,7,2,2.7172918573,3.8850574713
"50",108,1,2,5.4803293687,9.785440613
"51",108,2,3,5.1692589204,7.0421455939
"52",108,3,4,4.5288197621,4.337164751
"53",108,4,2,5.0869167429,8.1685823755
"54",108,5,3,6.6422689844,8.3524904215
"55",108,6,1,5.8554437328,6.5900383142
"56",108,7,2,3.0741079597,4.8352490421
"57",109,1,2,3.1381518756,3.2413793103
"58",109,2,3,5.2607502287,5.2796934866
"59",109,3,4,7.483989021,4.6666666667
"60",109,4,5,7.6212259835,5.5938697318
"61",109,5,1,2.4794144556,2.8505747126
"62",109,6,4,6.2214089661,5.8697318008
"63",109,7,3,3.2479414456,3.6551724138
"64",110,1,3,7.0905763952,3.9003831418
"65",110,2,4,4.6111619396,3.5555555556
"66",110,3,3,2.9368709973,3.9923371648
"67",110,4,3,6.1024702653,4.1915708812
"68",110,5,6,4.9496797804,4.2068965517
"69",110,6,3,5.407136322,3.1877394636
"70",110,7,3,3.549862763,3.601532567
"71",111,1,3,4.0073193047,3.2030651341
"72",111,2,2,3.2204940531,4.0459770115
"73",111,3,2,4.9679780421,4.8352490421
"74",111,4,1,4.6386093321,4.9501915709
"75",111,5,2,5.3247941446,5.754789272
"76",111,6,4,7.6120768527,4.1915708812
"77",111,7,3,3.659652333,3.8927203065
"78",112,1,5,4.3366880146,3.5555555556
"79",112,2,1,7.0356816102,1.8544061303
"80",112,3,3,6.7703568161,4.4061302682
"81",112,4,3,5.3979871912,3.1570881226
"82",112,5,1,4.592863678,3.4022988506
"83",112,6,4,5.3613906679,4.6666666667
"84",112,7,2,3.1015553522,2.3524904215
"85",113,1,4,5.4162854529,7.7777777778
"86",113,2,4,3.6139066789,6.091954023
"87",113,3,4,4.4098810613,8.0766283525
"88",113,4,2,6.0475754803,8.1455938697
"89",113,5,2,3.4583714547,6.30651341
"90",113,6,3,4.3092406221,5.9770114943
"91",113,7,5,5.4437328454,6.6896551724
"92",114,1,3,6.9533394328,6.3601532567
"93",114,2,4,3.0832570906,6.4521072797
"94",114,3,4,4.9496797804,6.5900383142
"95",114,4,4,4.2268984446,6.4750957854
"96",114,5,3,3.3577310156,6.6053639847
"97",114,6,4,5.4162854529,4.9042145594
"98",114,7,2,1.8664226898,5.1264367816
"99",115,1,2,4.5013723696,2.6819923372
"100",115,2,1,3.9981701738,5.1800766284
"101",115,3,4,4.2726440988,3.2643678161
"102",115,4,3,5.8737419945,4.0459770115
"103",115,5,5,5.0686184812,3.5862068966
"104",115,6,4,4.5837145471,3.1494252874
"105",115,7,4,4.5837145471,4.0766283525
"106",116,1,3,5.6175663312,2.4674329502
"107",116,2,3,4.483074108,2.5210727969
"108",116,3,2,4.4464775846,4.5900383142
"109",116,4,3,3.7328453797,3.5019157088
"110",116,5,4,6.6971637694,2.8199233716
"111",116,6,3,4.3915827996,3.0114942529
"112",116,7,2,5.0228728271,3.7164750958
"113",117,1,4,7.9688929552,6.2222222222
"114",117,2,3,6.7246111619,3.5938697318
"115",117,3,2,6.5507776761,4.5134099617
"116",117,4,2,7.2735590119,5.0651340996
"117",117,5,2,3.6230558097,4.0536398467
"118",117,6,2,6.1939615737,4.0153256705
"119",117,7,3,5.2241537054,4.0842911877
"120",118,1,4,6.5233302836,5.9233716475
"121",118,2,2,7.2918572736,3.969348659
"122",118,3,3,6.7703568161,2.9961685824
"123",118,4,2,6.9258920403,5.9923371648
"124",118,5,4,5.8645928637,5.1877394636
"125",118,6,2,8.0512351327,4.4291187739
"126",118,7,4,8.5544373285,5.2413793103
"127",119,1,3,5.2150045746,4.1915708812
"128",119,2,4,6.7246111619,5.8237547893
"129",119,3,2,6.2763037511,5.8084291188
"130",119,4,3,7.5022872827,7.4559386973
"131",119,5,3,4.9222323879,5.6704980843
"132",119,6,2,4.9588289113,5.877394636
"133",119,7,2,5.1875571821,5.1187739464
"134",120,1,2,5.6724611162,5.8314176245
"135",120,2,2,4.3549862763,4.8429118774
"136",120,3,3,4.8307410796,5.6398467433
"137",120,4,2,3.0283623056,5.3486590038
"138",120,5,3,4.1994510522,5.0114942529
"139",120,6,2,6.9990850869,4.2605363985
"140",120,7,4,6.3586459286,4.5747126437
"141",121,1,3,3.7419945105,4.9195402299
"142",121,2,3,2.1957913998,4.9348659004
"143",121,3,2,5.0228728271,3.908045977
"144",121,4,2,3.3211344922,5.7164750958
"145",121,5,2,3.8975297347,2.367816092
"146",121,6,4,2.2506861848,3.816091954
"147",121,7,2,3.9066788655,5.1034482759
"148",122,1,4,6.7429094236,5.0727969349
"149",122,2,3,6.9075937786,6.7279693487
"150",122,3,1,4.9222323879,4.7049808429
"151",122,4,2,4.4464775846,4.3908045977
"152",122,5,4,6.0292772187,6.3754789272
"153",122,6,3,5.6724611162,6.1685823755
"154",122,7,4,7.0631290027,6.5134099617
"155",123,1,4,6.8618481244,5.3333333333
"156",123,2,1,6.7337602928,4.7049808429
"157",123,3,1,5.6633119854,4.5747126437
"158",123,4,1,3.8883806038,4.0689655172
"159",123,5,2,5.8279963403,4.5287356322
"160",123,6,3,7.0265324794,6.9042145594
"161",123,7,3,4.9405306496,3.3409961686
"162",124,1,3,8.1793229643,9.2796934866
"163",124,2,2,3.9615736505,4.7739463602
"164",124,3,4,4.3458371455,6.0842911877
"165",124,4,3,6.9990850869,6.2988505747
"166",124,5,4,4.2543458371,4.5823754789
"167",124,6,2,4.3915827996,6.8965517241
"168",124,7,2,3.7785910339,5.3256704981
"169",125,1,2,6.3494967978,2.6819923372
"170",125,2,3,6.175663312,3.9233716475
"171",125,3,3,8.5910338518,4
"172",125,4,4,6.5507776761,4.4444444444
"173",125,5,1,5.3613906679,5.1034482759
"174",125,6,5,6.1024702653,6.0383141762
"175",125,7,4,7.2827081427,4.3295019157
"176",126,1,3,6.1390667887,3.4865900383
"177",126,2,3,4.2177493138,5.1340996169
"178",126,3,2,4.9039341263,3.7471264368
"179",126,4,2,7.2827081427,3.877394636
"180",126,5,5,4.2451967063,2.5593869732
"181",126,6,2,6.5782250686,2.8505747126
"182",126,7,4,5.5626715462,5.6245210728
"183",127,1,3,7.6303751144,4.5210727969
"184",127,2,2,5.6999085087,6.0229885057
"185",127,3,3,5.0320219579,3.3563218391
"186",127,4,3,6.8344007319,4.3524904215
"187",127,5,2,6.4684354986,4.1609195402
"188",127,6,3,5.5077767612,4.7279693487
"189",127,7,3,5.956084172,3.3946360153
"190",128,1,2,4.098810613,3.0114942529
"191",128,2,3,5.1052150046,6.2911877395
"192",128,3,4,5.4345837145,3.8314176245
"193",128,4,4,6.9350411711,3.2567049808
"194",128,5,3,5.5901189387,4.6590038314
"195",128,6,1,2.7538883806,4.2911877395
"196",128,7,3,2.4794144556,3.8084291188
"197",129,1,2,6.3769441903,4.6819923372
"198",129,2,2,6.3311985361,4.1992337165
"199",129,3,1,6.4958828911,3.3409961686
"200",129,4,2,6.7337602928,5.6858237548
"201",129,5,3,5.9194876487,4.4061302682
"202",129,6,4,5.3156450137,4.5134099617
"203",129,7,3,7.429094236,4.0383141762
"204",130,1,3,5.2333028362,5.0038314176
"205",130,2,2,5.1052150046,4.6590038314
"206",130,3,3,3.6322049405,6.0153256705
"207",130,4,3,4.9771271729,6.0842911877
"208",130,5,3,3.9981701738,4.1149425287
"209",130,6,1,6.8344007319,4.5900383142
"210",130,7,2,5.6450137237,5.4329501916
"211",131,1,2,5.6724611162,5.908045977
"212",131,2,2,7.3101555352,4.3448275862
"213",131,3,4,9.0210430009,4.183908046
"214",131,4,6,6.230558097,6.8735632184
"215",131,5,3,7.8591033852,4.1609195402
"216",131,6,4,6.1939615737,5.785440613
"217",131,7,5,6.1299176578,6.4980842912
"218",132,1,3,4.537968893,3.8390804598
"219",132,2,3,4.7941445563,4.6590038314
"220",132,3,2,4.6660567246,4.3831417625
"221",132,4,5,5.7456541629,4.9808429119
"222",132,5,5,7.6669716377,4.3448275862
"223",132,6,2,4.8307410796,3.632183908
"224",132,7,5,8.0146386093,5.3026819923
"225",133,1,2,8.8746569076,5.3333333333
"226",133,2,3,6.0384263495,3.0881226054
"227",133,3,1,5.1326623971,2.9195402299
"228",133,4,2,6.8892955169,4.3908045977
"229",133,5,2,8.5727355901,6.275862069
"230",133,6,4,7.648673376,6.1609195402
"231",133,7,2,4.373284538,4.275862069
"232",134,1,1,6.1939615737,5.6091954023
"233",134,2,4,5.5352241537,2.2298850575
"234",134,3,3,4.9313815188,4.4521072797
"235",134,4,3,6.7246111619,6.7969348659
"236",134,5,4,6.2397072278,5.0574712644
"237",134,6,2,3.8426349497,4.9425287356
"238",134,7,2,5.0228728271,5.6398467433
"239",135,1,4,5.2973467521,5.6398467433
"240",135,2,2,7.0356816102,5.1800766284
"241",135,3,2,7.2186642269,3.724137931
"242",135,4,2,4.1171088747,3.2413793103
"243",135,5,2,6.5873741995,3.938697318
"244",135,6,5,5.8737419945,4.1992337165
"245",135,7,4,7.4107959744,4.9578544061
"246",136,1,3,3.4766697164,4.1379310345
"247",136,2,2,4.9496797804,5.0727969349
"248",136,3,3,5.9103385178,4.5670498084
"249",136,4,3,3.6505032022,6.0766283525
"250",136,5,2,5.4528819762,7.1570881226
"251",136,6,3,6.1665141812,6.275862069
"252",136,7,5,6.3677950595,6.5747126437
"253",137,1,4,7.8042086002,5.1724137931
"254",137,2,4,4.2360475755,6.0766283525
"255",137,3,3,5.2058554437,6.0689655172
"256",137,4,2,6.7703568161,5.3716475096
"257",137,5,4,4.6020128088,2.4597701149
"258",137,6,4,5.7090576395,4.6283524904
"259",137,7,3,6.6697163769,5.4712643678
"260",138,1,3,3.4858188472,4.6130268199
"261",138,2,5,7.0265324794,6.7432950192
"262",138,3,3,5.1601097896,5.6858237548
"263",138,4,3,5.2241537054,5.5708812261
"264",138,5,1,4.483074108,6.3831417625
"265",138,6,3,6.6605672461,8.367816092
"266",138,7,4,7.0082342177,8.3601532567
"267",139,1,3,5.9469350412,3.2643678161
"268",139,2,3,3.5041171089,4.3448275862
"269",139,3,3,5.2790484904,3.3256704981
"270",139,4,4,4.4739249771,2.8965517241
"271",139,5,3,2.3147301006,5.3256704981
"272",139,6,4,4.3275388838,3.1724137931
"273",139,7,2,7.923147301,4.7586206897
"274",140,1,4,7.1180237877,5.9157088123
"275",140,2,1,4.4739249771,4.8659003831
"276",140,3,3,4.7941445563,3.7624521073
"277",140,4,3,6.010978957,5.5478927203
"278",140,5,1,2.4885635865,1.4865900383
"279",140,6,3,4.3824336688,5.0957854406
"280",140,7,3,5.846294602,4.9272030651
"281",141,1,2,4.8490393413,1.7318007663
"282",141,2,3,5.6633119854,3.8544061303
"283",141,3,4,6.2580054895,6.1379310345
"284",141,4,3,6.340347667,6.30651341
"285",141,5,2,5.1967063129,5.3793103448
"286",141,6,4,5.2333028362,5.6858237548
"287",141,7,4,5.3064958829,6.5900383142
"288",142,1,3,5.1784080512,5.1800766284
"289",142,2,3,3.6322049405,3.9463601533
"290",142,3,3,2.9734675206,4.5517241379
"291",142,4,2,2.7813357731,4.3141762452
"292",142,5,4,4.0713632205,5.5632183908
"293",142,6,2,3.6962488564,5.2796934866
"294",142,7,4,3.4583714547,5.9157088123
"295",143,1,5,6.6971637694,3.9923371648
"296",143,2,4,4.3275388838,3.6858237548
"297",143,3,1,8.3714547118,4.030651341
"298",143,4,2,5.736505032,3.1494252874
"299",143,5,2,5.7090576395,3.9846743295
"300",143,6,4,4.153705398,4.1072796935
"301",143,7,4,6.3311985361,4.1685823755
"302",144,1,2,7.7310155535,5.8390804598
"303",144,2,3,7.9414455627,6.0996168582
"304",144,3,3,4.7941445563,2.6053639847
"305",144,4,3,7.0448307411,6.2911877395
"306",144,5,4,6.7337602928,4.4674329502
"307",144,6,2,6.7154620311,5.0727969349
"308",144,7,4,6.3037511436,4.3218390805
"309",145,1,4,5.1143641354,1.4865900383
"310",145,2,3,5.1967063129,1.9540229885
"311",145,3,2,5.2150045746,3.0957854406
"312",145,4,3,5.9194876487,3.7164750958
"313",145,5,3,5.791399817,3.3026819923
"314",145,6,4,5.4437328454,0.4214559387
"315",145,7,5,3.1838975297,2
"316",146,1,3,5.0045745654,2.9578544061
"317",146,2,2,5.0869167429,1.7164750958
"318",146,3,1,4.373284538,4.5210727969
"319",146,4,3,4.3824336688,4.2068965517
"320",146,5,3,4.153705398,5.8697318008
"321",146,6,5,5.571820677,2.4214559387
"322",146,7,3,4.8490393413,1.3793103448
"323",147,1,2,4.9862763038,3.2490421456
"324",147,2,2,4.2817932296,2.153256705
"325",147,3,4,5.1326623971,3.7624521073
"326",147,4,4,5.5992680695,3.3333333333
"327",147,5,4,5.6999085087,2.5517241379
"328",147,6,3,5.2607502287,2.367816092
"329",147,7,4,5.3339432754,2.398467433
"330",148,1,4,5.7182067704,3.2643678161
"331",148,2,2,5.7548032937,4.245210728
"332",148,3,3,3.3851784081,5.0574712644
"333",148,4,3,4.4007319305,3.9310344828
"334",148,5,2,6.6422689844,3.5478927203
"335",148,6,1,5.4162854529,5.5249042146
"336",148,7,3,4.1994510522,3.1417624521
"337",149,1,1,4.3092406221,4.4291187739
"338",149,2,2,4.2451967063,4.6973180077
"339",149,3,2,4.318389753,4.8045977011
"340",149,4,3,5.2333028362,6.9042145594
"341",149,5,4,4.0347666972,4.6896551724
"342",149,6,4,5.791399817,7.8544061303
"343",149,7,4,6.5507776761,6.8122605364
"344",150,1,4,3.1655992681,4.6436781609
"345",150,2,3,2.6258005489,3.4329501916
"346",150,3,4,3.4583714547,3.3103448276
"347",150,4,2,2.7355901189,3.632183908
"348",150,5,2,5.9194876487,5.8620689655
"349",150,6,3,3.604757548,4.9655172414
"350",150,7,4,3.7968892955,4.2835249042
"351",151,1,3,6.7246111619,7.5325670498
"352",151,2,2,4.5105215005,5.2873563218
"353",151,3,3,6.175663312,6.4367816092
"354",151,4,5,6.1390667887,7.2490421456
"355",151,5,2,5.3064958829,7.1034482759
"356",151,6,2,5.4894784995,5.938697318
"357",151,7,3,5.4528819762,8.091954023
"358",152,1,3,6.4775846295,4.6130268199
"359",152,2,2,3.4217749314,4.4291187739
"360",152,3,2,5.6633119854,5.3486590038
"361",152,4,3,4.1262580055,3.4022988506
"362",152,5,3,5.3339432754,4.3754789272
"363",152,6,2,4.8764867338,3.8237547893
"364",152,7,3,5.0228728271,4.4750957854
"365",153,1,2,5.407136322,3.9923371648
"366",153,2,3,7.978042086,6.6590038314
"367",153,3,3,5.8096980787,5.3256704981
"368",153,4,2,4.7758462946,6.5363984674
"369",153,5,4,2.6166514181,3.6398467433
"370",153,6,1,4.5013723696,5.1954022989
"371",153,7,4,3.2113449222,5.5862068966
"372",154,1,3,8.0512351327,5.7011494253
"373",154,2,4,6.3769441903,3.5785440613
"374",154,3,4,4.7941445563,4.5134099617
"375",154,4,3,4.0347666972,6.7126436782
"376",154,5,5,5.7273559012,6.6896551724
"377",154,6,3,7.0814272644,5.8007662835
"378",154,7,4,4.6020128088,6.030651341
"379",155,1,4,2.351326624,2.275862069
"380",155,2,3,4.7026532479,4.8122605364
"381",155,3,4,3.0192131747,4.030651341
"382",155,4,2,4.8673376029,4.8045977011
"383",155,5,2,4.2268984446,2.6896551724
"384",155,6,3,3.9615736505,4.7356321839
"385",155,7,3,3.6413540714,4.183908046
"386",156,1,3,4.8490393413,4.1379310345
"387",156,2,2,5.462031107,3.2873563218
"388",156,3,2,4.0896614822,2.0153256705
"389",156,4,5,3.0558096981,4.1149425287
"390",156,5,3,2.4702653248,2.6130268199
"391",156,6,2,4.6660567246,3.1494252874
"392",156,7,1,5.8096980787,3.5249042146
"393",157,1,4,7.4565416285,6.7356321839
"394",157,2,3,5.2058554437,4.5900383142
"395",157,3,4,7.4565416285,6.2375478927
"396",157,4,2,4.1994510522,5.785440613
"397",157,5,2,3.9707227813,4.8582375479
"398",157,6,3,4.6477584629,7.8697318008
"399",157,7,1,4.7666971638,4.3754789272
"400",158,1,3,4.9039341263,5.2567049808
"401",158,2,2,4.8307410796,6.1149425287
"402",158,3,2,2.7996340348,2.9655172414
"403",158,4,3,6.6422689844,4.1992337165
"404",158,5,2,5.5901189387,4.1992337165
"405",158,6,3,5.4986276304,5.2796934866
"406",158,7,2,3.714547118,4.8812260536
"407",159,1,3,4.7941445563,7.2183908046
"408",159,2,2,4.3092406221,5.4022988506
"409",159,3,4,3.0009149131,4.3448275862
"410",159,4,3,5.462031107,8.6130268199
"411",159,5,1,5.8645928637,7.785440613
"412",159,6,3,5.4437328454,5.8237547893
"413",159,7,4,4.8124428179,6.4597701149
"414",160,1,4,4.7392497713,6.9655172414
"415",160,2,4,6.1573650503,5.7701149425
"416",160,3,2,6.1939615737,6.5823754789
"417",160,4,4,6.175663312,5.3026819923
"418",160,5,3,3.0832570906,5.3946360153
"419",160,6,3,4.5196706313,5.9233716475
"420",160,7,3,6.0201280878,4.7432950192
"421",161,1,1,4.318389753,5.0038314176
"422",161,2,4,7.1454711802,6.6053639847
"423",161,3,4,5.8279963403,5.8544061303
"424",161,4,2,4.4556267155,5.724137931
"425",161,5,2,4.8947849954,4.2681992337
"426",161,6,3,5.7731015554,4.122605364
"427",161,7,4,4.7483989021,6.1302681992
"428",162,1,3,6.8252516011,4.1455938697
"429",162,2,2,5.0228728271,3.5095785441
"430",162,3,1,6.0384263495,3.5325670498
"431",162,4,3,5.6633119854,5.7011494253
"432",162,5,3,5.846294602,5.7088122605
"433",162,6,4,6.3220494053,5.5862068966
"434",162,7,3,5.5352241537,4.5210727969
"435",163,1,4,7.1637694419,4.5440613027
"436",163,2,4,7.0539798719,3.969348659
"437",163,3,3,6.3220494053,3.8697318008
"438",163,4,3,4.7118023788,4.3831417625
"439",163,5,4,3.8426349497,1.4636015326
"440",163,6,1,6.7246111619,4.5747126437
"441",163,7,2,5.2607502287,3.2490421456
"442",164,1,1,6.4043915828,3.5785440613
"443",164,2,4,4.8673376029,3.0268199234
"444",164,3,3,6.1573650503,5.3333333333
"445",164,4,5,5.7639524245,3.4176245211
"446",164,5,3,4.9222323879,4.398467433
"447",164,6,2,6.9075937786,3.7011494253
"448",164,7,1,4.7118023788,2.8659003831
"449",165,1,4,3.7328453797,4.0153256705
"450",165,2,3,2.516010979,4.4904214559
"451",165,3,3,4.1445562672,5.0114942529
"452",165,4,4,6.0018298262,3.3869731801
"453",165,5,3,5.2150045746,4.7969348659
"454",165,6,3,3.1015553522,3.9157088123
"455",165,7,3,1.6285452882,3.4176245211
"456",166,1,4,6.9167429094,4.8199233716
"457",166,2,5,5.3430924062,4.9885057471
"458",166,3,3,5.407136322,3.6091954023
"459",166,4,5,6.8344007319,5.5862068966
"460",166,5,3,6.1299176578,5.1570881226
"461",166,6,2,5.5901189387,6.4367816092
"462",166,7,3,6.9350411711,4.153256705
"463",167,1,4,5.0686184812,3.4789272031
"464",167,2,3,3.3851784081,2.7432950192
"465",167,3,4,5.4162854529,1.6551724138
"466",167,4,2,2.6806953339,2.4367816092
"467",167,5,3,2.3330283623,4.7892720307
"468",167,6,3,2.9460201281,2.4904214559
"469",167,7,3,4.7941445563,2.7662835249
"470",168,1,2,4.7209515096,4.4367816092
"471",168,2,4,4.6660567246,5.3256704981
"472",168,3,3,4.8215919488,4.9272030651
"473",168,4,4,6.2488563586,3.908045977
"474",168,5,3,6.8435498628,2.0459770115
"475",168,6,2,3.3851784081,3.9003831418
"476",168,7,2,2.7904849039,5.5938697318
"477",169,1,5,6.450137237,4.275862069
"478",169,2,2,3.4309240622,3.5402298851
"479",169,3,4,4.3641354071,3.8927203065
"480",169,4,2,5.9194876487,3.6091954023
"481",169,5,3,5.6724611162,3.5325670498
"482",169,6,4,4.592863678,3.6704980843
"483",169,7,3,5.2516010979,1.9463601533
"484",170,1,2,2.9826166514,3.8390804598
"485",170,2,2,2.8636779506,2.9808429119
"486",170,3,2,5.0503202196,6.0842911877
"487",170,4,3,4.0622140897,4.5363984674
"488",170,5,4,2.7904849039,5.2030651341
"489",170,6,3,4.3549862763,4.5363984674
"490",170,7,4,4.3915827996,4.245210728
"491",171,1,3,4.9496797804,3.9540229885
"492",171,2,3,5.9835315645,5.3409961686
"493",171,3,1,5.1326623971,3.4482758621
"494",171,4,3,3.3302836231,3.6475095785
"495",171,5,3,5.8828911253,2.7816091954
"496",171,6,3,5.8554437328,5.5172413793
"497",171,7,2,5.6999085087,4.1072796935
"498",172,1,2,3.6139066789,3.9463601533
"499",172,2,3,7.0265324794,3.1340996169
"500",172,3,3,4.318389753,1.7777777778
"501",172,4,3,5.3339432754,3.2183908046
"502",172,5,3,6.3860933211,4.5517241379
"503",172,6,2,3.8060384263,3.1877394636
"504",172,7,4,4.9222323879,1.0651340996
"505",173,1,3,7.5114364135,6.7126436782
"506",173,2,4,7.0356816102,5.632183908
"507",173,3,4,6.6148215919,7.7471264368
"508",173,4,3,5.681610247,4.7586206897
"509",173,5,4,5.462031107,7.969348659
"510",173,6,2,5.0869167429,6.3601532567
"511",173,7,3,8.3806038426,6.367816092
"512",174,1,4,5.1967063129,5.785440613
"513",174,2,2,5.4803293687,6.6436781609
"514",174,3,3,8.3440073193,5.2643678161
"515",174,4,4,4.6935041171,5.4252873563
"516",174,5,3,5.1875571821,4.5593869732
"517",174,6,3,3.8609332113,6.1455938697
"518",174,7,3,5.2516010979,5.8314176245
"519",175,1,3,6.1939615737,4.4521072797
"520",175,2,3,6.1024702653,4.6896551724
"521",175,3,3,7.5205855444,4.8659003831
"522",175,4,4,4.8947849954,5.3333333333
"523",175,5,3,6.4226898445,4.5593869732
"524",175,6,3,6.4592863678,4.3218390805
"525",175,7,3,5.9286367795,4.0536398467
"526",176,1,4,5.5077767612,4.5747126437
"527",176,2,4,4.1262580055,6.4367816092
"528",176,3,2,4.4007319305,2.214559387
"529",176,4,3,6.9350411711,5.3869731801
"530",176,5,4,4.3824336688,4.275862069
"531",176,6,2,7.6944190302,3.4712643678
"532",176,7,4,6.559926807,2.1685823755
"533",177,1,3,6.9258920403,2.5134099617
"534",177,2,2,6.9716376944,2.3448275862
"535",177,3,4,7.1363220494,1.4942528736
"536",177,4,4,6.3586459286,0.7662835249
"537",177,5,2,5.8096980787,2.2605363985
"538",177,6,2,5.0686184812,2.061302682
"539",177,7,2,3.6505032022,2.5440613027
"540",178,1,5,6.0567246112,4.7662835249
"541",178,2,3,4.1079597438,5.5019157088
"542",178,3,2,6.230558097,3.9846743295
"543",178,4,4,4.8764867338,4.1915708812
"544",178,5,2,6.0475754803,3.7011494253
"545",178,6,3,6.1939615737,3.1724137931
"546",178,7,3,6.3860933211,4.2605363985
"547",179,1,3,3.1655992681,3.7931034483
"548",179,2,1,1.8115279048,3.1800766284
"549",179,3,1,3.5407136322,5.0804597701
"550",179,4,3,4.9771271729,4.4674329502
"551",179,5,0,4.6752058554,4.3448275862
"552",179,6,3,4.1720036597,5.1340996169
"553",179,7,4,4.043915828,6.4597701149
"554",180,1,3,4.3458371455,6.9961685824
"555",180,2,2,6.230558097,4.8888888889
"556",180,3,4,4.5837145471,5.8084291188
"557",180,4,5,3.5315645014,5.5172413793
"558",180,5,3,4.7758462946,7.2337164751
"559",180,6,4,4.4007319305,4.5057471264
"560",180,7,4,5.956084172,5.9923371648
"561",181,1,5,1.9030192132,5.1034482759
"562",181,2,3,4.5562671546,4.5287356322
"563",181,3,4,5.626715462,4.4444444444
"564",181,4,3,3.3394327539,2.8199233716
"565",181,5,4,5.3064958829,4.6206896552
"566",181,6,2,3.3851784081,6.0076628352
"567",181,7,4,4.9130832571,4.6973180077
"568",182,1,4,6.8892955169,6.5363984674
"569",182,2,5,8.307410796,6.3908045977
"570",182,3,3,9.4053064959,5.4252873563
"571",182,4,6,10,6.0766283525
"572",182,5,2,9.5242451967,6.7892720307
"573",182,6,3,5.5443732845,5.4559386973
"574",182,7,3,7.3559011894,6.1685823755
"575",183,1,3,6.4684354986,7.2950191571
"576",183,2,4,7.0265324794,4.9348659004
"577",183,3,1,6.8984446478,3.7088122605
"578",183,4,3,4.9405306496,5.6245210728
"579",183,5,2,4.0622140897,5.2490421456
"580",183,6,2,3.5956084172,5.2413793103
"581",183,7,5,7.7127172919,5.601532567
"582",184,1,2,3.769441903,3.1724137931
"583",184,2,2,3.659652333,4.0766283525
"584",184,3,4,4.9588289113,4.122605364
"585",184,4,2,5.3979871912,3.4022988506
"586",184,5,5,6.5690759378,2.6360153257
"587",184,6,4,3.9249771272,3.662835249
"588",184,7,3,5.1235132662,1.8544061303
"589",185,1,4,5.8737419945,3.2720306513
"590",185,2,4,3.1655992681,4.6513409962
"591",185,3,1,4.8215919488,4.7126436782
"592",185,4,2,4.153705398,5.0651340996
"593",185,5,3,3.4217749314,2.8965517241
"594",185,6,4,4.5745654163,3.8544061303
"595",185,7,0,4.4922232388,4.8659003831
"596",186,1,2,6.065873742,6.6206896552
"597",186,2,3,4.9222323879,6.1685823755
"598",186,3,3,8.197621226,6.8505747126
"599",186,4,3,4.5837145471,7.0191570881
"600",186,5,4,5.3156450137,9.4176245211
"601",186,6,4,6.4958828911,8.30651341
"602",186,7,2,5.0228728271,6.275862069
"603",187,1,4,4.8581884721,3.5325670498
"604",187,2,3,3.8700823422,3.7088122605
"605",187,3,2,3.7968892955,3.5325670498
"606",187,4,3,5.8828911253,5.1111111111
"607",187,5,4,3.604757548,4.1762452107
"608",187,6,3,3.5864592864,4.6513409962
"609",187,7,3,5.7548032937,5.0727969349
"610",188,1,3,4.1445562672,2.5210727969
"611",188,2,3,4.0164684355,5.1340996169
"612",188,3,5,5.4894784995,3.4789272031
"613",188,4,2,5.4803293687,2.8505747126
"614",188,5,3,6.010978957,4.367816092
"615",188,6,3,4.2268984446,5.3946360153
"616",188,7,3,4.8124428179,3.9233716475
"617",189,1,3,6.5965233303,4.4750957854
"618",189,2,4,8.472095151,7.1800766284
"619",189,3,4,4.8947849954,4.8582375479
"620",189,4,4,3.8151875572,4.9961685824
"621",189,5,3,5.6541628545,5.6168582375
"622",189,6,4,4.6203110704,5.9770114943
"623",189,7,3,5.2973467521,4.4980842912
"624",190,1,1,5.6175663312,1.1800766284
"625",190,2,3,3.3211344922,1.4482758621
"626",190,3,2,5.0137236962,3.7394636015
"627",190,4,3,4.7941445563,4.30651341
"628",190,5,3,5.4894784995,2.2528735632
"629",190,6,0,2.9826166514,2.1992337165
"630",190,7,4,5.4162854529,4.1379310345
"631",191,1,1,4.4922232388,3.4636015326
"632",191,2,1,4.3915827996,3.3103448276
"633",191,3,2,6.8892955169,4.7356321839
"634",191,4,3,5.7548032937,5.1800766284
"635",191,5,4,9.1216834401,6.214559387
"636",191,6,2,5.2150045746,4.6973180077
"637",191,7,2,5.5992680695,5.1340996169
"638",192,1,4,6.1848124428,8.1149425287
"639",192,2,2,5.6450137237,4.6130268199
"640",192,3,4,7.2003659652,5.877394636
"641",192,4,2,4.1262580055,5.3256704981
"642",192,5,3,6.175663312,6.3141762452
"643",192,6,1,3.1107044831,7.2030651341
"644",192,7,4,3.8883806038,5.5478927203
"645",193,1,2,4.5013723696,3.816091954
"646",193,2,4,4.9954254346,4.6436781609
"647",193,3,3,3.3028362306,2.1609195402
"648",193,4,3,2.8087831656,3.9846743295
"649",193,5,3,5.1052150046,5.5172413793
"650",193,6,3,6.010978957,5.0421455939
"651",193,7,3,3.5132662397,3.5555555556
"652",194,1,3,5.5809698079,6.1302681992
"653",194,2,3,7.6852698994,7.1954022989
"654",194,3,1,4.5562671546,4.1685823755
"655",194,4,4,4.8764867338,6.183908046
"656",194,5,2,5.5992680695,5.1111111111
"657",194,6,4,5.0960658737,6.245210728
"658",194,7,4,4.4098810613,6.5747126437
"659",195,1,4,2.8179322964,3.0574712644
"660",195,2,2,6.0201280878,4.1149425287
"661",195,3,1,5.3613906679,4.337164751
"662",195,4,2,3.8700823422,4.2835249042
"663",195,5,4,6.1939615737,5.3409961686
"664",195,6,5,5.2698993596,2.8965517241
"665",195,7,2,7.4016468435,2.9961685824
"666",196,1,3,3.4034766697,2.6360153257
"667",196,2,3,6.2488563586,3.3793103448
"668",196,3,2,4.6294602013,5.3026819923
"669",196,4,4,5.7639524245,3.3639846743
"670",196,5,4,5.3888380604,4.4750957854
"671",196,6,1,3.604757548,3.2107279693
"672",196,7,4,5.1326623971,4.3218390805
"673",197,1,3,6.4226898445,3.9923371648
"674",197,2,2,4.7758462946,4.9042145594
"675",197,3,2,4.2543458371,6.061302682
"676",197,4,3,4.9222323879,4.5593869732
"677",197,5,3,7.429094236,4.9118773946
"678",197,6,3,5.9377859103,4.1455938697
"679",197,7,3,6.2580054895,5.5325670498
"680",198,1,3,5.5901189387,4.9808429119
"681",198,2,2,6.1482159195,4.214559387
"682",198,3,2,5.8645928637,4.8429118774
"683",198,4,4,5.5443732845,5.5325670498
"684",198,5,3,7.1088746569,5.1034482759
"685",198,6,4,6.1939615737,6.0459770115
"686",198,7,3,4.537968893,6.1455938697
"687",199,1,3,3.9066788655,4.091954023
"688",199,2,3,6.3586459286,3.2413793103
"689",199,3,2,3.7877401647,3.5862068966
"690",199,4,2,6.395242452,3.9157088123
"691",199,5,3,4.4007319305,3.5325670498
"692",199,6,3,5.0228728271,3.846743295
"693",199,7,3,4.1903019213,5.2796934866
"694",200,1,4,4.8856358646,7.2107279693
"695",200,2,4,5.626715462,5.9310344828
"696",200,3,3,4.7392497713,7.8007662835
"697",200,4,3,5.2790484904,5.6398467433
"698",200,5,3,4.9588289113,4.8888888889
"699",200,6,2,4.4373284538,5.4789272031
"700",200,7,2,4.7301006404,5.7394636015
